timestamp,user_rating,user_review,ai_user_response,ai_summary,ai_action
2025-12-07 10:56:29,3,it good,LLM Error: Client not initialized due to missing API Key.,It's good.,Implement more specific feedback prompts.
2025-12-07 11:01:22,2,nice services,"Thank you for your feedback that you found our services ""nice."" We're pleased to hear that, but we're also concerned to see a 2-star rating. We would truly appreciate it if you could share more details about your experience so we can understand what led to this rating and how we can improve.","The review noted ""nice services"" but still gave a 2-star rating.",Investigate non-service aspects of the customer's experience.
2025-12-07 11:08:47,4,great experince,Thank you so much for your wonderful 4-star review! We're truly delighted to hear you had such a great experience with us. We appreciate your kind words and look forward to welcoming you back again soon!,The review describes a great experience.,"Implement a follow-up mechanism to ask customers what would elevate their ""great experience"" to a 5-star rating."
2025-12-07 11:11:37,1,not good services,I'm so sorry to hear you had a negative experience and gave us a 1-star rating. This is certainly not the standard of service we aim to provide. We would greatly appreciate it if you could contact us directly to share more details so we can understand what went wrong and work to make it right.,Poor service.,Contact the customer to identify specific service failures.
2025-12-07 11:15:30,3,better from last service,"Thank you for your review. We're pleased to hear your recent service was an improvement, and we truly appreciate you giving us another chance. We're always striving for excellence, and we hope to make your next experience even better.",It improved from the previous service.,Determine what specific changes led to the improved service.
2025-12-07 11:21:41,5,best ever,"Thank you so much for your wonderful 5-star review! We are absolutely thrilled to hear you had such a fantastic experience with us. Your kind words mean a lot, and we truly appreciate you taking the time to share your feedback.",Best ever.,"Pinpoint the specific factors that made the experience ""best ever"" to replicate success."
2025-12-07 12:06:23,5,ok,Thank you for your 5-star review! We appreciate your 'ok' feedback and are glad to hear your experience was satisfactory. We're always striving to be even better and hope to exceed your expectations next time.,The reviewer found it perfectly satisfactory.,"Identify specific touchpoints that are ""just ok"" and brainstorm ways to make them exceptional."
2025-12-07 13:41:17,5,okok,Thank you for your 5-star review! We're delighted to know you had a positive experience with us. We appreciate you taking the time to share your feedback.,It's a good review.,Acknowledge general satisfaction and consider adding more specific prompts to future feedback surveys.
2025-12-07 13:45:25,2,not good,"I'm so sorry to hear that your experience was ""not good."" We truly value your feedback and would like to understand more about what went wrong so we can improve. Please feel free to contact us directly at your convenience to share more details.",It's not good.,"Reply to the review asking for specific details on what was ""not good."""
2025-12-07 14:00:09,5,okk,"Thank you for your 5-star review! We're glad to hear everything was okay, and we truly appreciate you taking the time to share your feedback. We look forward to assisting you again in the future.",It was perfectly fine.,Reply asking for more specific feedback on their positive experience.
2025-12-07 14:34:59,5,not the best,"Thank you for taking the time to leave a review. We're sorry to hear that your experience wasn't the best, and we truly appreciate you bringing this to our attention. We're always striving to improve and would welcome any further feedback you're willing to share.","The 5-star review ironically states, ""not the best.""","Contact the reviewer to clarify the discrepancy between the 5-star rating and the ""not the best"" comment."
2025-12-07 14:39:59,2,nghc,"Thank you for taking the time to leave a review. We're truly sorry to see your 2-star rating, which indicates you had a disappointing experience. Please reach out to us directly so we can understand what happened and how we can help make things right for you.",,
